title,price,rating,category,availability,price_category,in_stock
A Light in the Attic,51.77,3,Poetry,In stock,Premium,True
Tipping the Velvet,53.74,1,Historical Fiction,In stock,Premium,True
Soumission,50.1,1,Fiction,In stock,Premium,True
Sharp Objects,47.82,4,Mystery,In stock,Premium,True
Sapiens: A Brief History of Humankind,54.23,5,History,In stock,Premium,True
The Requiem Red,22.65,1,Young Adult,In stock,Mid-range,True
The Dirty Little Secrets of Getting Your Dream Job,33.34,4,Business,In stock,Mid-range,True
"The Coming Woman: A Novel Based on the Life of the Infamous Feminist, Victoria Woodhull",17.93,3,Default,In stock,Budget,True
The Boys in the Boat: Nine Americans and Their Epic Quest for Gold at the 1936 Berlin Olympics,22.6,4,Default,In stock,Mid-range,True
The Black Maria,52.15,1,Poetry,In stock,Premium,True
"Starving Hearts (Triangular Trade Trilogy, #1)",13.99,2,Default,In stock,Budget,True
Shakespeare's Sonnets,20.66,4,Poetry,In stock,Mid-range,True
Set Me Free,17.46,5,Young Adult,In stock,Budget,True
Scott Pilgrim's Precious Little Life (Scott Pilgrim #1),52.29,5,Sequential Art,In stock,Premium,True
Rip it Up and Start Again,35.02,5,Music,In stock,Mid-range,True
"Our Band Could Be Your Life: Scenes from the American Indie Underground, 1981-1991",57.25,3,Music,In stock,Premium,True
Olio,23.88,1,Poetry,In stock,Mid-range,True
Mesaerion: The Best Science Fiction Stories 1800-1849,37.59,1,Science Fiction,In stock,Mid-range,True
Libertarianism for Beginners,51.33,2,Politics,In stock,Premium,True
It's Only the Himalayas,45.17,2,Travel,In stock,Premium,True
In Her Wake,12.84,1,Thriller,In stock,Budget,True
How Music Works,37.32,2,Music,In stock,Mid-range,True
"Foolproof Preserving: A Guide to Small Batch Jams, Jellies, Pickles, Condiments, and More: A Foolproof Guide to Making Small Batch Jams, Jellies, Pickles, Condiments, and More",30.52,3,Food and Drink,In stock,Mid-range,True
Chase Me (Paris Nights #2),25.27,5,Romance,In stock,Mid-range,True
Black Dust,34.53,5,Romance,In stock,Mid-range,True
Birdsong: A Story in Pictures,54.64,3,Childrens,In stock,Premium,True
America's Cradle of Quarterbacks: Western Pennsylvania's Football Factory from Johnny Unitas to Joe Montana,22.5,3,Default,In stock,Mid-range,True
Aladdin and His Wonderful Lamp,53.13,3,Default,In stock,Premium,True
Worlds Elsewhere: Journeys Around Shakespeare’s Globe,40.3,5,Nonfiction,In stock,Premium,True
Wall and Piece,44.18,4,Art,In stock,Premium,True
The Four Agreements: A Practical Guide to Personal Freedom,17.66,5,Spirituality,In stock,Budget,True
The Five Love Languages: How to Express Heartfelt Commitment to Your Mate,31.05,3,Nonfiction,In stock,Mid-range,True
The Elephant Tree,23.82,5,Thriller,In stock,Mid-range,True
The Bear and the Piano,36.89,1,Childrens,In stock,Mid-range,True
Sophie's World,15.94,5,Philosophy,In stock,Budget,True
Penny Maybe,33.29,3,Default,In stock,Mid-range,True
Maude (1883-1993):She Grew Up with the country,18.02,2,Default,In stock,Budget,True
"In a Dark, Dark Wood",19.63,1,Mystery,In stock,Budget,True
Behind Closed Doors,52.22,4,Thriller,In stock,Premium,True
You can't bury them all: Poems,33.63,2,Poetry,In stock,Mid-range,True
Slow States of Collapse: Poems,57.31,3,Poetry,In stock,Premium,True
Reasons to Stay Alive,26.41,2,Nonfiction,In stock,Mid-range,True
Private Paris (Private #10),47.61,5,Fiction,In stock,Premium,True
#HigherSelfie: Wake Up Your Life. Free Your Soul. Find Your Tribe.,23.11,5,Nonfiction,In stock,Mid-range,True
Without Borders (Wanderlove #1),45.07,2,New Adult,In stock,Premium,True
When We Collided,31.77,1,Contemporary,In stock,Mid-range,True
"We Love You, Charlie Freeman",50.27,5,Fiction,In stock,Premium,True
Untitled Collection: Sabbath Poems 2014,14.27,4,Poetry,In stock,Budget,True
"Unseen City: The Majesty of Pigeons, the Discreet Charm of Snails & Other Wonders of the Urban Wilderness",44.18,4,Nonfiction,In stock,Premium,True
Unicorn Tracks,18.78,3,Fantasy,In stock,Budget,True
"Unbound: How Eight Technologies Made Us Human, Transformed Society, and Brought Our World to the Brink",25.52,1,History,In stock,Mid-range,True
Tsubasa: WoRLD CHRoNiCLE 2 (Tsubasa WoRLD CHRoNiCLE #2),16.28,1,Sequential Art,In stock,Budget,True
Throwing Rocks at the Google Bus: How Growth Became the Enemy of Prosperity,31.12,3,Nonfiction,In stock,Mid-range,True
This One Summer,19.49,4,Sequential Art,In stock,Budget,True
Thirst,17.27,5,Fiction,In stock,Budget,True
The Torch Is Passed: A Harding Family Story,19.09,1,Add a comment,In stock,Budget,True
The Secret of Dreadwillow Carse,56.13,1,Childrens,In stock,Premium,True
"The Pioneer Woman Cooks: Dinnertime: Comfort Classics, Freezer Food, 16-Minute Meals, and Other Delicious Ways to Solve Supper!",56.41,1,Food and Drink,In stock,Premium,True
The Past Never Ends,56.5,4,Mystery,In stock,Premium,True
The Natural History of Us (The Fine Art of Pretending #2),45.22,3,Young Adult,In stock,Premium,True
The Nameless City (The Nameless City #1),38.16,4,Sequential Art,In stock,Mid-range,True
The Murder That Never Was (Forensic Instincts #5),54.11,3,Fiction,In stock,Premium,True
The Most Perfect Thing: Inside (and Outside) a Bird's Egg,42.96,4,Science,In stock,Premium,True
"The Mindfulness and Acceptance Workbook for Anxiety: A Guide to Breaking Free from Anxiety, Phobias, and Worry Using Acceptance and Commitment Therapy",23.89,4,Add a comment,In stock,Mid-range,True
The Life-Changing Magic of Tidying Up: The Japanese Art of Decluttering and Organizing,16.77,3,Nonfiction,In stock,Budget,True
"The Inefficiency Assassin: Time Management Tactics for Working Smarter, Not Longer",20.59,5,Default,In stock,Mid-range,True
The Gutsy Girl: Escapades for Your Life of Epic Adventure,37.13,1,Nonfiction,In stock,Mid-range,True
The Electric Pencil: Drawings from Inside State Hospital No. 3,56.06,1,Nonfiction,In stock,Premium,True
The Death of Humanity: and the Case for Life,58.11,4,Philosophy,In stock,Premium,True
"The Bulletproof Diet: Lose up to a Pound a Day, Reclaim Energy and Focus, Upgrade Your Life",49.05,3,Health,In stock,Premium,True
The Art Forger,40.76,3,Add a comment,In stock,Premium,True
The Age of Genius: The Seventeenth Century and the Birth of the Modern Mind,19.73,1,History,In stock,Budget,True
The Activist's Tao Te Ching: Ancient Advice for a Modern Revolution,32.24,5,Spirituality,In stock,Mid-range,True
Spark Joy: An Illustrated Master Class on the Art of Organizing and Tidying Up,41.83,4,Nonfiction,In stock,Premium,True
Soul Reader,39.58,2,Default,In stock,Mid-range,True
Security,39.25,2,Horror,In stock,Mid-range,True
"Saga, Volume 6 (Saga (Collected Editions) #6)",25.02,3,Fantasy,In stock,Mid-range,True
"Saga, Volume 5 (Saga (Collected Editions) #5)",51.04,2,Sequential Art,In stock,Premium,True
Reskilling America: Learning to Labor in the Twenty-First Century,19.83,2,Nonfiction,In stock,Budget,True
"Rat Queens, Vol. 3: Demons (Rat Queens (Collected Editions) #11-15)",50.4,3,Sequential Art,In stock,Premium,True
"Princess Jellyfish 2-in-1 Omnibus, Vol. 01 (Princess Jellyfish 2-in-1 Omnibus #1)",13.61,5,Sequential Art,In stock,Budget,True
Princess Between Worlds (Wide-Awake Princess #5),13.34,5,Fantasy,In stock,Budget,True
"Pop Gun War, Volume 1: Gift",18.97,1,Sequential Art,In stock,Budget,True
"Political Suicide: Missteps, Peccadilloes, Bad Calls, Backroom Hijinx, Sordid Pasts, Rotten Breaks, and Just Plain Dumb Mistakes in the Annals of American Politics",36.28,2,History,In stock,Mid-range,True
Patience,10.16,3,Sequential Art,In stock,Budget,True
"Outcast, Vol. 1: A Darkness Surrounds Him (Outcast #1)",15.44,4,Sequential Art,In stock,Budget,True
orange: The Complete Collection 1 (orange: The Complete Collection #1),48.41,1,Sequential Art,In stock,Premium,True
Online Marketing for Busy Authors: A Step-By-Step Guide,46.35,1,Self Help,In stock,Premium,True
On a Midnight Clear,14.07,3,Add a comment,In stock,Budget,True
Obsidian (Lux #1),14.86,2,Young Adult,In stock,Budget,True
My Paris Kitchen: Recipes and Stories,33.37,2,Food and Drink,In stock,Mid-range,True
Masks and Shadows,56.4,2,Fantasy,In stock,Premium,True
"Mama Tried: Traditional Italian Cooking for the Screwed, Crude, Vegan, and Tattooed",14.02,4,Food and Drink,In stock,Budget,True
"Lumberjanes, Vol. 2: Friendship to the Max (Lumberjanes #5-8)",46.91,2,Sequential Art,In stock,Premium,True
"Lumberjanes, Vol. 1: Beware the Kitten Holy (Lumberjanes #1-4)",45.61,3,Sequential Art,In stock,Premium,True
Lumberjanes Vol. 3: A Terrible Plan (Lumberjanes #9-12),19.92,2,Sequential Art,In stock,Budget,True
"Layered: Baking, Building, and Styling Spectacular Cakes",40.11,1,Food and Drink,In stock,Premium,True
Judo: Seven Steps to Black Belt (an Introductory Guide for Beginners),53.9,2,Add a comment,In stock,Premium,True
Join,35.67,5,Science Fiction,In stock,Mid-range,True
In the Country We Love: My Family Divided,22.0,4,Nonfiction,In stock,Mid-range,True
Immunity: How Elie Metchnikoff Changed the Course of Modern Medicine,57.36,5,Science,In stock,Premium,True
"I Hate Fairyland, Vol. 1: Madly Ever After (I Hate Fairyland (Compilations) #1-5)",29.17,2,Sequential Art,In stock,Mid-range,True
I am a Hero Omnibus Volume 1,54.63,3,Sequential Art,In stock,Premium,True
How to Be Miserable: 40 Strategies You Already Use,46.03,1,Self Help,In stock,Premium,True
Her Backup Boyfriend (The Sorensen Family #1),33.97,1,Romance,In stock,Mid-range,True
"Giant Days, Vol. 2 (Giant Days #5-8)",22.11,2,Sequential Art,In stock,Mid-range,True
Forever and Forever: The Courtship of Henry Longfellow and Fanny Appleton,29.69,3,Historical Fiction,In stock,Mid-range,True
First and First (Five Boroughs #3),15.97,4,Romance,In stock,Budget,True
Fifty Shades Darker (Fifty Shades #2),21.96,1,Romance,In stock,Mid-range,True
Everydata: The Misinformation Hidden in the Little Data You Consume Every Day,54.35,2,Nonfiction,In stock,Premium,True
"Don't Be a Jerk: And Other Practical Advice from Dogen, Japan's Greatest Zen Master",37.97,2,Religion,In stock,Mid-range,True
Danganronpa Volume 1,51.99,4,Sequential Art,In stock,Premium,True
Crown of Midnight (Throne of Glass #2),43.29,3,Fantasy,In stock,Premium,True
"Codename Baboushka, Volume 1: The Conclave of Death",36.72,4,Sequential Art,In stock,Mid-range,True
Camp Midnight,17.08,4,Sequential Art,In stock,Budget,True
Call the Nurse: True Stories of a Country Nurse on a Scottish Isle,29.14,5,Nonfiction,In stock,Mid-range,True
Burning,28.81,3,Young Adult,In stock,Mid-range,True
Bossypants,49.46,2,Default,In stock,Premium,True
"Bitch Planet, Vol. 1: Extraordinary Machine (Bitch Planet (Collected Editions))",37.92,2,Sequential Art,In stock,Mid-range,True
"Avatar: The Last Airbender: Smoke and Shadow, Part 3 (Smoke and Shadow #3)",28.09,2,Fantasy,In stock,Mid-range,True
Algorithms to Live By: The Computer Science of Human Decisions,30.81,1,Nonfiction,In stock,Mid-range,True
A World of Flavor: Your Gluten Free Passport,42.95,1,Default,In stock,Premium,True
"A Piece of Sky, a Grain of Rice: A Memoir in Four Meditations",56.76,5,Default,In stock,Premium,True
A Murder in Time,16.64,1,Mystery,In stock,Budget,True
A Flight of Arrows (The Pathfinders #2),55.53,5,Historical Fiction,In stock,Premium,True
A Fierce and Subtle Poison,28.13,4,Young Adult,In stock,Mid-range,True
A Court of Thorns and Roses (A Court of Thorns and Roses #1),52.37,1,Fantasy,In stock,Premium,True
(Un)Qualified: How God Uses Broken People to Do Big Things,54.0,5,Christian,In stock,Premium,True
You Are What You Love: The Spiritual Power of Habit,21.87,4,Religion,In stock,Mid-range,True
"William Shakespeare's Star Wars: Verily, A New Hope (William Shakespeare's Star Wars #4)",43.3,4,Science Fiction,In stock,Premium,True
Tuesday Nights in 1980,21.04,2,Fiction,In stock,Mid-range,True
Tracing Numbers on a Train,41.6,3,Default,In stock,Premium,True
Throne of Glass (Throne of Glass #1),35.07,3,Fantasy,In stock,Mid-range,True
Thomas Jefferson and the Tripoli Pirates: The Forgotten War That Changed American History,59.64,1,History,In stock,Premium,True
Thirteen Reasons Why,52.72,1,Default,In stock,Premium,True
The White Cat and the Monk: A Retelling of the Poem “Pangur Bán”,58.08,4,Childrens,In stock,Premium,True
The Wedding Dress,24.12,1,Romance,In stock,Mid-range,True
The Vacationers,42.15,4,Fiction,In stock,Premium,True
The Third Wave: An Entrepreneur’s Vision of the Future,12.61,5,Business,In stock,Budget,True
The Stranger,17.44,4,Philosophy,In stock,Budget,True
The Shadow Hero (The Shadow Hero),33.14,1,Sequential Art,In stock,Mid-range,True
The Secret (The Secret #1),27.37,4,Default,In stock,Mid-range,True
The Regional Office Is Under Attack!,51.36,5,Fiction,In stock,Premium,True
The Psychopath Test: A Journey Through the Madness Industry,36.0,2,Default,In stock,Mid-range,True
The Project,10.65,1,Science Fiction,In stock,Budget,True
The Power of Now: A Guide to Spiritual Enlightenment,43.54,2,Nonfiction,In stock,Premium,True
The Omnivore's Dilemma: A Natural History of Four Meals,38.21,2,Nonfiction,In stock,Mid-range,True
The Nerdy Nummies Cookbook: Sweet Treats for the Geek in All of Us,37.34,5,Food and Drink,In stock,Mid-range,True
The Murder of Roger Ackroyd (Hercule Poirot #4),44.1,4,Mystery,In stock,Premium,True
The Mistake (Off-Campus #2),43.29,3,New Adult,In stock,Premium,True
The Matchmaker's Playbook (Wingmen Inc. #1),55.85,1,New Adult,In stock,Premium,True
The Love and Lemons Cookbook: An Apple-to-Zucchini Celebration of Impromptu Cooking,37.6,2,Food and Drink,In stock,Mid-range,True
The Long Shadow of Small Ghosts: Murder and Memory in an American City,10.97,1,Crime,In stock,Budget,True
The Kite Runner,41.82,4,Default,In stock,Premium,True
The House by the Lake,36.95,1,Historical Fiction,In stock,Mid-range,True
The Glittering Court (The Glittering Court #1),44.28,1,Fantasy,In stock,Premium,True
The Girl on the Train,55.02,2,Default,In stock,Premium,True
The Genius of Birds,17.24,1,Nonfiction,In stock,Budget,True
The Emerald Mystery,23.15,2,Default,In stock,Mid-range,True
The Cookies & Cups Cookbook: 125+ sweet & savory recipes reminding you to Always Eat Dessert First,41.25,1,Food and Drink,In stock,Premium,True
The Bridge to Consciousness: I'm Writing the Bridge Between Science and Our Old and New Beliefs.,32.0,3,Default,In stock,Mid-range,True
The Artist's Way: A Spiritual Path to Higher Creativity,38.49,5,Nonfiction,In stock,Mid-range,True
The Art of War,33.34,5,Default,In stock,Mid-range,True
The Argonauts,10.93,2,Autobiography,In stock,Budget,True
The 10% Entrepreneur: Live Your Startup Dream Without Quitting Your Day Job,27.55,3,Business,In stock,Mid-range,True
Suddenly in Love (Lake Haven #1),55.99,2,Romance,In stock,Premium,True
Something More Than This,16.24,4,Romance,In stock,Budget,True
Soft Apocalypse,26.12,2,Science Fiction,In stock,Mid-range,True
So You've Been Publicly Shamed,12.23,2,Nonfiction,In stock,Budget,True
Shoe Dog: A Memoir by the Creator of NIKE,23.99,2,Business,In stock,Mid-range,True
"Shobu Samurai, Project Aryoku (#3)",29.06,3,Add a comment,In stock,Mid-range,True
Secrets and Lace (Fatal Hearts #1),20.27,1,Default,In stock,Mid-range,True
Scarlett Epstein Hates It Here,43.55,5,Young Adult,In stock,Premium,True
Romero and Juliet: A Tragic Tale of Love and Zombies,36.94,1,Default,In stock,Mid-range,True
Redeeming Love,20.47,5,Christian Fiction,In stock,Mid-range,True
Poses for Artists Volume 1 - Dynamic and Sitting Poses: An Essential Reference for Figure Drawing and the Human Form,41.06,1,Default,In stock,Premium,True
Poems That Make Grown Women Cry,14.19,4,Poetry,In stock,Budget,True
"Nightingale, Sing",38.28,1,Young Adult,In stock,Mid-range,True
Night Sky with Exit Wounds,41.05,1,Poetry,In stock,Premium,True
Mrs. Houdini,30.25,5,Historical Fiction,In stock,Mid-range,True
Modern Romance,28.26,5,Add a comment,In stock,Mid-range,True
Miss Peregrine’s Home for Peculiar Children (Miss Peregrine’s Peculiar Children #1),10.76,1,Default,In stock,Budget,True
Louisa: The Extraordinary Life of Mrs. Adams,16.85,2,Biography,In stock,Budget,True
Little Red,13.47,3,Childrens,In stock,Budget,True
Library of Souls (Miss Peregrine’s Peculiar Children #3),48.56,5,Young Adult,In stock,Premium,True
Large Print Heart of the Pride,19.15,2,Default,In stock,Budget,True
I Had a Nice Time And Other Lies...: How to find love & sh*t like that,57.36,4,Womens Fiction,In stock,Premium,True
Hollow City (Miss Peregrine’s Peculiar Children #2),42.98,1,Fantasy,In stock,Premium,True
Grumbles,22.16,2,Default,In stock,Mid-range,True
Full Moon over Noah’s Ark: An Odyssey to Mount Ararat and Beyond,49.43,4,Travel,In stock,Premium,True
Frostbite (Vampire Academy #2),29.99,5,Young Adult,In stock,Mid-range,True
Follow You Home,21.36,1,Horror,In stock,Mid-range,True
First Steps for New Christians (Print Edition),29.0,1,Default,In stock,Mid-range,True
Finders Keepers (Bill Hodges Trilogy #2),53.53,5,Fiction,In stock,Premium,True
"Fables, Vol. 1: Legends in Exile (Fables #1)",41.62,4,Sequential Art,In stock,Premium,True
Eureka Trivia 6.0,54.59,4,Default,In stock,Premium,True
Drive: The Surprising Truth About What Motivates Us,34.95,4,Default,In stock,Mid-range,True
Done Rubbed Out (Reightman & Bailey #1),37.72,5,Default,In stock,Mid-range,True
Doing It Over (Most Likely To #1),35.61,3,Romance,In stock,Mid-range,True
"Deliciously Ella Every Day: Quick and Easy Recipes for Gluten-Free Snacks, Packed Lunches, and Simple Meals",42.16,3,Food and Drink,In stock,Premium,True
Dark Notes,19.19,5,Erotica,In stock,Budget,True
"Daring Greatly: How the Courage to Be Vulnerable Transforms the Way We Live, Love, Parent, and Lead",19.43,3,Nonfiction,In stock,Budget,True
Close to You,49.46,4,Christian Fiction,In stock,Premium,True
Chasing Heaven: What Dying Taught Me About Living,37.8,2,Spirituality,In stock,Mid-range,True
Big Magic: Creative Living Beyond Fear,30.8,3,Nonfiction,In stock,Mid-range,True
Becoming Wise: An Inquiry into the Mystery and Art of Living,27.43,2,Nonfiction,In stock,Mid-range,True
Beauty Restored (Riley Family Legacy Novellas #3),11.11,2,Default,In stock,Budget,True
Batman: The Long Halloween (Batman),36.5,2,Sequential Art,In stock,Mid-range,True
Batman: The Dark Knight Returns (Batman),15.38,5,Sequential Art,In stock,Budget,True
Ayumi's Violin,15.48,2,Default,In stock,Budget,True
Anonymous,46.82,4,Default,In stock,Premium,True
Amy Meets the Saints and Sages,18.46,3,Default,In stock,Budget,True
Amid the Chaos,36.58,1,Cultural,In stock,Mid-range,True
Amatus,50.54,5,Default,In stock,Premium,True
Agnostic: A Spirited Manifesto,12.51,5,Nonfiction,In stock,Budget,True
Zealot: The Life and Times of Jesus of Nazareth,24.7,3,History,In stock,Mid-range,True
You (You #1),43.61,5,Thriller,In stock,Premium,True
"Wonder Woman: Earth One, Volume One (Wonder Woman: Earth One #1)",37.34,4,Sequential Art,In stock,Mid-range,True
Wild Swans,14.36,2,Young Adult,In stock,Budget,True
Why the Right Went Wrong: Conservatism--From Goldwater to the Tea Party and Beyond,52.65,4,Politics,In stock,Premium,True
Whole Lotta Creativity Going On: 60 Fun and Unusual Exercises to Awaken and Strengthen Your Creativity,38.2,4,Nonfiction,In stock,Mid-range,True
What's It Like in Space?: Stories from Astronauts Who've Been There,19.6,2,Nonfiction,In stock,Budget,True
"We Are Robin, Vol. 1: The Vigilante Business (We Are Robin #1)",53.9,1,Sequential Art,In stock,Premium,True
Walt Disney's Alice in Wonderland,12.96,5,Childrens,In stock,Budget,True
V for Vendetta (V for Vendetta Complete),37.1,4,Default,In stock,Mid-range,True
Until Friday Night (The Field Party #1),46.31,2,Young Adult,In stock,Premium,True
"Unbroken: A World War II Story of Survival, Resilience, and Redemption",45.95,2,Default,In stock,Premium,True
Twenty Yawns,22.08,2,Childrens,In stock,Mid-range,True
Through the Woods,25.38,2,Sequential Art,In stock,Mid-range,True
This Is Where It Ends,27.12,2,Young Adult,In stock,Mid-range,True
The Year of Magical Thinking,43.04,2,Nonfiction,In stock,Premium,True
The Wright Brothers,56.8,4,Default,In stock,Premium,True
The White Queen (The Cousins' War #1),25.91,5,Add a comment,In stock,Mid-range,True
The Wedding Pact (The O'Malleys #2),32.61,3,Romance,In stock,Mid-range,True
The Time Keeper,27.88,5,Fiction,In stock,Mid-range,True
The Testament of Mary,52.67,4,Fiction,In stock,Premium,True
The Star-Touched Queen,46.02,5,Fantasy,In stock,Premium,True
The Songs of the Gods,44.48,5,Default,In stock,Premium,True
The Song of Achilles,37.4,5,Add a comment,In stock,Mid-range,True
The Rosie Project (Don Tillman #1),54.04,1,Default,In stock,Premium,True
The Power of Habit: Why We Do What We Do in Life and Business,16.88,3,Default,In stock,Budget,True
The Marriage of Opposites,28.08,4,Historical Fiction,In stock,Mid-range,True
The Lucifer Effect: Understanding How Good People Turn Evil,10.4,1,Psychology,In stock,Budget,True
The Long Haul (Diary of a Wimpy Kid #9),44.07,1,Humor,In stock,Premium,True
The Loney,23.4,1,Horror,In stock,Mid-range,True
The Literature Book (Big Ideas Simply Explained),17.43,3,Nonfiction,In stock,Budget,True
The Last Mile (Amos Decker #2),54.21,2,Mystery,In stock,Premium,True
The Immortal Life of Henrietta Lacks,40.67,2,Add a comment,In stock,Premium,True
The Hidden Oracle (The Trials of Apollo #1),52.26,2,Fantasy,In stock,Premium,True
The Help Yourself Cookbook for Kids: 60 Easy Plant-Based Recipes Kids Can Make to Stay Healthy and Save the Earth,28.77,3,Food and Drink,In stock,Mid-range,True
The Guilty (Will Robie #4),13.82,2,Thriller,In stock,Budget,True
The First Hostage (J.B. Collins #2),25.85,3,Fiction,In stock,Mid-range,True
The Dovekeepers,48.78,1,Add a comment,In stock,Premium,True
The Darkest Lie,35.35,5,Young Adult,In stock,Mid-range,True
The Bane Chronicles (The Bane Chronicles #1-11),44.73,4,Fantasy,In stock,Premium,True
The Bad-Ass Librarians of Timbuktu: And Their Race to Save the World’s Most Precious Manuscripts,15.77,1,Nonfiction,In stock,Budget,True
The 14th Colony (Cotton Malone #11),39.24,1,Thriller,In stock,Mid-range,True
That Darkness (Gardiner and Renner #1),13.92,1,Mystery,In stock,Budget,True
Tastes Like Fear (DI Marnie Rome #3),10.69,1,Mystery,In stock,Budget,True
Take Me with You,45.21,3,Fiction,In stock,Premium,True
Swell: A Year of Waves,45.58,1,Nonfiction,In stock,Premium,True
Superman Vol. 1: Before Truth (Superman by Gene Luen Yang #1),11.89,5,Sequential Art,In stock,Budget,True
Still Life with Bread Crumbs,26.41,3,Fiction,In stock,Mid-range,True
Steve Jobs,39.5,5,Default,In stock,Mid-range,True
Sorting the Beef from the Bull: The Science of Food Fraud Forensics,44.74,4,Science,In stock,Premium,True
Someone Like You (The Harrisons #2),52.79,5,Contemporary,In stock,Premium,True
"So Cute It Hurts!!, Vol. 6 (So Cute It Hurts!! #6)",35.43,4,Sequential Art,In stock,Mid-range,True
Shtum,55.84,4,Fiction,In stock,Premium,True
See America: A Celebration of Our National Parks & Treasured Sites,48.87,3,Travel,In stock,Premium,True
salt.,46.78,4,Poetry,In stock,Premium,True
Robin War,47.82,3,Sequential Art,In stock,Premium,True
"Red Hood/Arsenal, Vol. 1: Open for Business (Red Hood/Arsenal #1)",25.48,2,Sequential Art,In stock,Mid-range,True
Rain Fish,23.57,3,Childrens,In stock,Mid-range,True
"Quarter Life Poetry: Poems for the Young, Broke and Hangry",50.89,5,Poetry,In stock,Premium,True
Pet Sematary,10.56,3,Horror,In stock,Budget,True
"Overload: How to Unplug, Unwind, and Unleash Yourself from the Pressure of Stress",52.15,3,Self Help,In stock,Premium,True
Once Was a Time,18.28,2,Childrens,In stock,Budget,True
Old School (Diary of a Wimpy Kid #10),11.83,5,Humor,In stock,Budget,True
No Dream Is Too High: Life Lessons From a Man Who Walked on the Moon,21.95,2,Nonfiction,In stock,Mid-range,True
"Naruto (3-in-1 Edition), Vol. 14: Includes Vols. 40, 41 & 42 (Naruto: Omnibus #14)",38.39,2,Sequential Art,In stock,Mid-range,True
My Name Is Lucy Barton,41.56,1,Fiction,In stock,Premium,True
My Mrs. Brown,24.48,3,Fiction,In stock,Mid-range,True
My Kind of Crazy,40.36,1,Young Adult,In stock,Premium,True
Mr. Mercedes (Bill Hodges Trilogy #1),28.9,1,Fiction,In stock,Mid-range,True
More Than Music (Chasing the Dream #1),37.61,2,Add a comment,In stock,Mid-range,True
Made to Stick: Why Some Ideas Survive and Others Die,38.85,5,Business,In stock,Mid-range,True
Luis Paints the World,53.95,3,Childrens,In stock,Premium,True
Luckiest Girl Alive,49.83,3,Default,In stock,Premium,True
Lowriders to the Center of the Earth (Lowriders in Space #2),51.51,2,Sequential Art,In stock,Premium,True
Love Is a Mix Tape (Music #1),18.03,1,Music,In stock,Budget,True
Looking for Lovely: Collecting the Moments that Matter,29.14,5,Nonfiction,In stock,Mid-range,True
"Living Leadership by Insight: A Good Leader Achieves, a Great Leader Builds Monuments",46.91,4,Default,In stock,Premium,True
Let It Out: A Journey Through Journaling,26.79,5,Nonfiction,In stock,Mid-range,True
Lady Midnight (The Dark Artifices #1),16.28,5,Default,In stock,Budget,True
"It's All Easy: Healthy, Delicious Weeknight Meals in under 30 Minutes",19.55,1,Food and Drink,In stock,Budget,True
Island of Dragons (Unwanteds #7),29.65,1,Fantasy,In stock,Mid-range,True
I Know What I'm Doing -- and Other Lies I Tell Myself: Dispatches from a Life Under Construction,25.98,4,Humor,In stock,Mid-range,True
I Am Pilgrim (Pilgrim #1),10.6,4,Fiction,In stock,Budget,True
"Hyperbole and a Half: Unfortunate Situations, Flawed Coping Mechanisms, Mayhem, and Other Things That Happened",14.75,5,Humor,In stock,Budget,True
"Hush, Hush (Hush, Hush #1)",47.02,3,Default,In stock,Premium,True
Hold Your Breath (Search and Rescue #1),28.82,1,Romance,In stock,Mid-range,True
Hamilton: The Revolution,58.79,3,Nonfiction,In stock,Premium,True
Greek Mythic History,10.23,5,Default,In stock,Budget,True
God: The Most Unpleasant Character in All Fiction,30.03,5,Religion,In stock,Mid-range,True
Glory over Everything: Beyond The Kitchen House,45.84,3,Historical Fiction,In stock,Premium,True
Feathers: Displays of Brilliant Plumage,49.05,3,Art,In stock,Premium,True
"Far & Away: Places on the Brink of Change: Seven Continents, Twenty-Five Years",15.06,4,Nonfiction,In stock,Budget,True
Every Last Word,46.47,3,Default,In stock,Premium,True
Eligible (The Austen Project #4),27.09,3,Fiction,In stock,Mid-range,True
El Deafo,57.62,5,Sequential Art,In stock,Premium,True
Eight Hundred Grapes,14.39,4,Fiction,In stock,Budget,True
"Eaternity: More than 150 Deliciously Easy Vegan Recipes for a Long, Healthy, Satisfied, Joyful Life",51.75,5,Nonfiction,In stock,Premium,True
"Eat Fat, Get Thin",54.07,2,Health,In stock,Premium,True
Don't Get Caught,55.35,1,Young Adult,In stock,Premium,True
Doctor Sleep (The Shining #2),40.12,2,Horror,In stock,Premium,True
Demigods & Magicians: Percy and Annabeth Meet the Kanes (Percy Jackson & Kane Chronicles Crossover #1-3),37.51,5,Fantasy,In stock,Mid-range,True
Dear Mr. Knightley,11.21,5,Fiction,In stock,Budget,True
Daily Fantasy Sports,36.58,1,Default,In stock,Mid-range,True
Crazy Love: Overwhelmed by a Relentless God,47.72,2,Christian,In stock,Premium,True
Cometh the Hour (The Clifton Chronicles #6),25.01,3,Fiction,In stock,Mid-range,True
Code Name Verity (Code Name Verity #1),22.13,4,Add a comment,In stock,Mid-range,True
Clockwork Angel (The Infernal Devices #1),44.14,1,Default,In stock,Premium,True
City of Glass (The Mortal Instruments #3),56.02,4,Fantasy,In stock,Premium,True
City of Fallen Angels (The Mortal Instruments #4),11.23,4,Default,In stock,Budget,True
City of Bones (The Mortal Instruments #1),43.28,1,Default,In stock,Premium,True
City of Ashes (The Mortal Instruments #2),47.27,1,Default,In stock,Premium,True
Cell,20.29,4,Add a comment,In stock,Mid-range,True
Catching Jordan (Hundred Oaks),50.83,3,Young Adult,In stock,Premium,True
"Carry On, Warrior: Thoughts on Life Unarmed",31.85,3,Default,In stock,Mid-range,True
Carrie,46.23,2,Default,In stock,Premium,True
Buying In: The Secret Dialogue Between What We Buy and Who We Are,37.8,4,Nonfiction,In stock,Mid-range,True
Brain on Fire: My Month of Madness,49.32,5,Nonfiction,In stock,Premium,True
Batman: Europa,32.01,2,Sequential Art,In stock,Mid-range,True
Barefoot Contessa Back to Basics,28.01,1,Food and Drink,In stock,Mid-range,True
Barefoot Contessa at Home: Everyday Recipes You'll Make Over and Over Again,50.62,5,Food and Drink,In stock,Premium,True
Balloon Animals,17.03,3,Fiction,In stock,Budget,True
Art Ops Vol. 1,48.8,3,Sequential Art,In stock,Premium,True
Aristotle and Dante Discover the Secrets of the Universe (Aristotle and Dante Discover the Secrets of the Universe #1),58.14,4,Young Adult,In stock,Premium,True
Angels Walking (Angels Walking #1),34.2,2,Add a comment,In stock,Mid-range,True
Angels & Demons (Robert Langdon #1),51.48,3,Default,In stock,Premium,True
All the Light We Cannot See,29.87,5,Historical,In stock,Mid-range,True
"Adulthood Is a Myth: A ""Sarah's Scribbles"" Collection",10.9,2,Sequential Art,In stock,Budget,True
Abstract City,56.37,5,Nonfiction,In stock,Premium,True
A Time of Torment (Charlie Parker #14),48.35,5,Mystery,In stock,Premium,True
A Study in Scarlet (Sherlock Holmes #1),16.73,2,Mystery,In stock,Budget,True
"A Series of Catastrophes and Miracles: A True Story of Love, Science, and Cancer",56.48,2,Add a comment,In stock,Premium,True
A People's History of the United States,40.79,2,Add a comment,In stock,Premium,True
A Man Called Ove,39.72,1,Fiction,In stock,Mid-range,True
A Distant Mirror: The Calamitous 14th Century,14.58,3,History,In stock,Budget,True
A Brush of Wings (Angels Walking #3),55.51,1,Add a comment,In stock,Premium,True
1491: New Revelations of the Americas Before Columbus,21.8,3,History,In stock,Mid-range,True
"The Three Searches, Meaning, and the Story",13.33,3,Default,In stock,Budget,True
Searching for Meaning in Gailana,38.73,1,Fantasy,In stock,Mid-range,True
Rook,37.86,4,Add a comment,In stock,Mid-range,True
My Kitchen Year: 136 Recipes That Saved My Life,11.53,2,Food and Drink,In stock,Budget,True
13 Hours: The Inside Account of What Really Happened In Benghazi,27.06,1,Nonfiction,In stock,Mid-range,True
Will You Won't You Want Me?,13.86,3,Womens Fiction,In stock,Budget,True
Tipping Point for Planet Earth: How Close Are We to the Edge?,37.55,1,Science,In stock,Mid-range,True
The Star-Touched Queen,32.3,5,Fantasy,In stock,Mid-range,True
The Silent Sister (Riley MacPherson #1),46.29,5,Fiction,In stock,Premium,True
The Midnight Watch: A Novel of the Titanic and the Californian,26.2,1,Add a comment,In stock,Mid-range,True
The Lonely City: Adventures in the Art of Being Alone,33.26,2,Nonfiction,In stock,Mid-range,True
The Gray Rhino: How to Recognize and Act on the Obvious Dangers We Ignore,59.15,4,Add a comment,In stock,Premium,True
The Golden Condom: And Other Essays on Love Lost and Found,39.43,1,Psychology,In stock,Mid-range,True
The Epidemic (The Program 0.6),14.44,5,Young Adult,In stock,Budget,True
The Dinner Party,56.54,2,Fiction,In stock,Premium,True
The Diary of a Young Girl,59.9,3,Nonfiction,In stock,Premium,True
The Children,11.88,3,Add a comment,In stock,Budget,True
Stars Above (The Lunar Chronicles #4.5),48.05,2,Young Adult,In stock,Premium,True
Snatched: How A Drug Queen Went Undercover for the DEA and Was Kidnapped By Colombian Guerillas,21.21,3,Nonfiction,In stock,Mid-range,True
Raspberry Pi Electronics Projects for the Evil Genius,49.67,4,Default,In stock,Premium,True
Quench Your Own Thirst: Business Lessons Learned Over a Beer or Two,43.14,1,Business,In stock,Premium,True
Psycho: Sanitarium (Psycho #1.5),36.97,5,Horror,In stock,Mid-range,True
Poisonous (Max Revere Novels #3),26.8,3,Mystery,In stock,Mid-range,True
One with You (Crossfire #5),15.71,4,Add a comment,In stock,Budget,True
No Love Allowed (Dodge Cove #1),54.65,4,Young Adult,In stock,Premium,True
Murder at the 42nd Street Library (Raymond Ambler #1),54.36,4,Mystery,In stock,Premium,True
Most Wanted,35.28,3,Mystery,In stock,Mid-range,True
"Love, Lies and Spies",20.55,2,Historical Fiction,In stock,Mid-range,True
How to Speak Golf: An Illustrated Guide to Links Lingo,58.32,5,Default,In stock,Premium,True
Hide Away (Eve Duncan #20),11.84,1,Mystery,In stock,Budget,True
Furiously Happy: A Funny Book About Horrible Things,41.46,4,Nonfiction,In stock,Premium,True
Everyday Italian: 125 Simple and Delicious Recipes,20.1,5,Food and Drink,In stock,Mid-range,True
Equal Is Unfair: America's Misguided Fight Against Income Inequality,56.86,1,Politics,In stock,Premium,True
Eleanor & Park,56.51,5,Default,In stock,Premium,True
Dirty (Dive Bar #1),40.83,4,Romance,In stock,Premium,True
Can You Keep a Secret? (Fear Street Relaunch #4),48.64,1,Horror,In stock,Premium,True
Boar Island (Anna Pigeon #19),59.48,3,Mystery,In stock,Premium,True
A Paris Apartment,39.01,4,Historical Fiction,In stock,Mid-range,True
"A la Mode: 120 Recipes in 60 Pairings: Pies, Tarts, Cakes, Crisps, and More Topped with Ice Cream, Gelato, Frozen Custard, and More",38.77,1,Food and Drink,In stock,Mid-range,True
Troublemaker: Surviving Hollywood and Scientology,48.39,2,Default,In stock,Premium,True
The Widow,27.26,2,Mystery,In stock,Mid-range,True
"The Sleep Revolution: Transforming Your Life, One Night at a Time",11.68,4,Nonfiction,In stock,Budget,True
The Improbability of Love,59.45,1,Fiction,In stock,Premium,True
The Art of Startup Fundraising,21.0,3,Business,In stock,Mid-range,True
Take Me Home Tonight (Rock Star Romance #3),53.98,3,Romance,In stock,Premium,True
Sleeping Giants (Themis Files #1),48.74,1,Science Fiction,In stock,Premium,True
"Setting the World on Fire: The Brief, Astonishing Life of St. Catherine of Siena",21.15,2,Biography,In stock,Mid-range,True
Playing with Fire,13.71,3,Mystery,In stock,Budget,True
Off the Hook (Fishing for Trouble #1),47.67,3,Romance,In stock,Premium,True
Mothering Sunday,13.34,2,Fiction,In stock,Budget,True
"Mother, Can You Not?",16.89,5,Nonfiction,In stock,Budget,True
M Train,27.18,1,Autobiography,In stock,Mid-range,True
Lilac Girls,17.28,2,Historical Fiction,In stock,Budget,True
Lies and Other Acts of Love,45.14,1,Fiction,In stock,Premium,True
Lab Girl,40.85,1,Autobiography,In stock,Premium,True
Keep Me Posted,20.46,4,Womens Fiction,In stock,Mid-range,True
It Didn't Start with You: How Inherited Family Trauma Shapes Who We Are and How to End the Cycle,56.27,3,Psychology,In stock,Premium,True
Grey (Fifty Shades #4),48.49,4,Womens Fiction,In stock,Premium,True
"Exit, Pursued by a Bear",51.34,4,Young Adult,In stock,Premium,True
Daredevils,16.34,3,Fiction,In stock,Budget,True
Cravings: Recipes for What You Want to Eat,20.5,3,Food and Drink,In stock,Mid-range,True
Born for This: How to Find the Work You Were Meant to Do,21.59,5,Business,In stock,Mid-range,True
Arena,21.36,4,Science Fiction,In stock,Mid-range,True
Adultery,20.88,5,Default,In stock,Mid-range,True
A Mother's Reckoning: Living in the Aftermath of Tragedy,19.53,3,Nonfiction,In stock,Budget,True
A Gentleman's Position (Society of Gentlemen #3),14.75,5,Romance,In stock,Budget,True
11/22/63,48.48,3,Fiction,In stock,Premium,True
"10% Happier: How I Tamed the Voice in My Head, Reduced Stress Without Losing My Edge, and Found Self-Help That Actually Works",24.57,2,Nonfiction,In stock,Mid-range,True
10-Day Green Smoothie Cleanse: Lose Up to 15 Pounds in 10 Days!,49.71,5,Health,In stock,Premium,True
Without Shame,48.27,5,Add a comment,In stock,Premium,True
Watchmen,58.05,4,Add a comment,In stock,Premium,True
Unlimited Intuition Now,58.87,4,Default,In stock,Premium,True
Underlying Notes,11.82,2,Default,In stock,Budget,True
The Shack,28.03,1,Fiction,In stock,Mid-range,True
The New Brand You: Your New Image Makes the Sale for You,44.05,5,Default,In stock,Premium,True
"The Moosewood Cookbook: Recipes from Moosewood Restaurant, Ithaca, New York",12.34,4,Food and Drink,In stock,Budget,True
The Flowers Lied,16.68,2,Default,In stock,Budget,True
"The Fabric of the Cosmos: Space, Time, and the Texture of Reality",55.91,1,Science,In stock,Premium,True
The Book of Mormon,24.57,3,Religion,In stock,Mid-range,True
The Art and Science of Low Carbohydrate Living,52.98,5,Health,In stock,Premium,True
The Alien Club,54.4,1,Young Adult,In stock,Premium,True
Suzie Snowflake: One beautiful flake (a self-esteem story),54.81,5,Novels,In stock,Premium,True
Nap-a-Roo,25.08,1,Childrens,In stock,Mid-range,True
"NaNo What Now? Finding your editing process, revising your NaNoWriMo book and building a writing career through publishing and beyond",10.41,4,Default,In stock,Budget,True
Modern Day Fables,47.44,2,Default,In stock,Premium,True
If I Gave You God's Phone Number....: Searching for Spirituality in America,20.91,1,Spirituality,In stock,Mid-range,True
"Fruits Basket, Vol. 9 (Fruits Basket #9)",33.95,4,Sequential Art,In stock,Mid-range,True
Dress Your Family in Corduroy and Denim,43.68,3,Humor,In stock,Premium,True
Don't Forget Steven,33.23,1,Young Adult,In stock,Mid-range,True
Chernobyl 01:23:40: The Incredible True Story of the World's Worst Nuclear Disaster,35.92,2,Nonfiction,In stock,Mid-range,True
Art and Fear: Observations on the Perils (and Rewards) of Artmaking,48.63,4,Art,In stock,Premium,True
A Shard of Ice (The Black Symphony Saga #1),56.63,3,Fantasy,In stock,Premium,True
A Hero's Curse (The Unseen Chronicles #1),50.49,3,Add a comment,In stock,Premium,True
23 Degrees South: A Tropical Tale of Changing Whether...,35.79,2,Add a comment,In stock,Mid-range,True
"Zero to One: Notes on Startups, or How to Build the Future",34.06,3,Nonfiction,In stock,Mid-range,True
Why Not Me?,17.76,1,Nonfiction,In stock,Budget,True
When Breath Becomes Air,39.36,2,Nonfiction,In stock,Mid-range,True
Vagabonding: An Uncommon Guide to the Art of Long-Term World Travel,36.94,2,Travel,In stock,Mid-range,True
The Unlikely Pilgrimage of Harold Fry (Harold Fry #1),43.62,5,Default,In stock,Premium,True
The New Drawing on the Right Side of the Brain,43.02,3,Art,In stock,Premium,True
"The Midnight Assassin: Panic, Scandal, and the Hunt for America's First Serial Killer",28.45,4,Nonfiction,In stock,Mid-range,True
The Martian (The Martian #1),41.39,2,Default,In stock,Premium,True
The High Mountains of Portugal,51.15,1,Fiction,In stock,Premium,True
The Grownup,35.88,1,Short Stories,In stock,Mid-range,True
The E-Myth Revisited: Why Most Small Businesses Don't Work and What to Do About It,36.91,1,Business,In stock,Mid-range,True
South of Sunshine,28.93,1,Young Adult,In stock,Mid-range,True
Smarter Faster Better: The Secrets of Being Productive in Life and Business,38.89,5,Nonfiction,In stock,Mid-range,True
Silence in the Dark (Logan Point #4),58.33,3,Suspense,In stock,Premium,True
Shadows of the Past (Logan Point #1),39.67,5,Christian Fiction,In stock,Mid-range,True
Roller Girl,14.1,5,Sequential Art,In stock,Budget,True
Rising Strong,21.82,3,Nonfiction,In stock,Mid-range,True
Proofs of God: Classical Arguments from Tertullian to Barth,54.21,1,Philosophy,In stock,Premium,True
Please Kill Me: The Uncensored Oral History of Punk,31.19,4,Music,In stock,Mid-range,True
Out of Print: City Lights Spotlight No. 14,53.64,5,Poetry,In stock,Premium,True
My Life Next Door (My Life Next Door ),36.39,5,Young Adult,In stock,Mid-range,True
Miller's Valley,58.54,2,Fiction,In stock,Premium,True
Man's Search for Meaning,29.48,3,Nonfiction,In stock,Mid-range,True
"Love That Boy: What Two Presidents, Eight Road Trips, and My Son Taught Me About a Parent's Expectations",25.06,2,Nonfiction,In stock,Mid-range,True
Living Forward: A Proven Plan to Stop Drifting and Get the Life You Want,12.55,3,Nonfiction,In stock,Budget,True
Les Fleurs du Mal,29.04,5,Poetry,In stock,Mid-range,True
Left Behind (Left Behind #1),40.72,2,Default,In stock,Premium,True
Kill 'Em and Leave: Searching for James Brown and the American Soul,45.05,5,Music,In stock,Premium,True
Kierkegaard: A Christian Missionary to Christians,47.13,1,Philosophy,In stock,Premium,True
John Vassos: Industrial Design for Modern Life,20.22,4,Default,In stock,Mid-range,True
I'll Give You the Sun,56.48,1,Default,In stock,Premium,True
I Will Find You,44.21,1,Nonfiction,In stock,Premium,True
Hystopia: A Novel,21.96,4,Fiction,In stock,Mid-range,True
Howl and Other Poems,40.45,2,Poetry,In stock,Premium,True
History of Beauty,10.29,4,Art,In stock,Budget,True
Heaven is for Real: A Little Boy's Astounding Story of His Trip to Heaven and Back,52.86,2,Default,In stock,Premium,True
Future Shock (Future Shock #1),55.65,5,Young Adult,In stock,Premium,True
Ender's Game (The Ender Quintet #1),43.64,1,Default,In stock,Premium,True
Diary of a Citizen Scientist: Chasing Tiger Beetles and Other New Ways of Engaging the World,28.41,1,Science,In stock,Mid-range,True
Death by Leisure: A Cautionary Tale,37.51,4,Default,In stock,Mid-range,True
Brilliant Beacons: A History of the American Lighthouse,11.45,3,History,In stock,Budget,True
Brazen: The Courage to Find the You That's Been Hiding,19.22,2,Nonfiction,In stock,Budget,True
Between the World and Me,56.91,4,Nonfiction,In stock,Premium,True
Being Mortal: Medicine and What Matters in the End,55.06,4,Nonfiction,In stock,Premium,True
"A Murder Over a Girl: Justice, Gender, Junior High",13.2,3,Nonfiction,In stock,Budget,True
32 Yolks,53.63,2,Food and Drink,In stock,Premium,True
"""Most Blessed of the Patriarchs"": Thomas Jefferson and the Empire of the Imagination",44.48,5,History,In stock,Premium,True
You Are a Badass: How to Stop Doubting Your Greatness and Start Living an Awesome Life,12.08,3,Self Help,In stock,Budget,True
Wildlife of New York: A Five-Borough Coloring Book,22.14,2,Default,In stock,Mid-range,True
What Happened on Beale Street (Secrets of the South Mysteries #2),25.37,5,Mystery,In stock,Mid-range,True
Unreasonable Hope: Finding Faith in the God Who Brings Purpose to Your Pain,46.33,2,Spirituality,In stock,Premium,True
Under the Tuscan Sun,37.33,3,Travel,In stock,Mid-range,True
Toddlers Are A**holes: It's Not Your Fault,25.55,1,Humor,In stock,Mid-range,True
The Year of Living Biblically: One Man's Humble Quest to Follow the Bible as Literally as Possible,34.72,1,Default,In stock,Mid-range,True
The Whale,35.96,4,Childrens,In stock,Mid-range,True
